<?xml version="1.0" encoding="UTF-8"?>
<metadata xml:lang="pt"><Esri><CreaDate>20150724</CreaDate><CreaTime>18203000</CreaTime><ArcGISFormat>1.0</ArcGISFormat><SyncOnce>TRUE</SyncOnce><DataProperties><lineage><Process ToolSource="C:\Program Files (x86)\ArcGIS\Desktop10.0\ArcToolbox\Toolboxes\Data Management Tools.tbx\CalculateField" Date="20120208" Time="152731">CalculateField caop_2011 ddcc Left( [DICOFRE],4 ) VB #</Process><Process ToolSource="C:\Program Files (x86)\ArcGIS\Desktop10.0\ArcToolbox\Toolboxes\Data Management Tools.tbx\CalculateField" Date="20120210" Time="160719">CalculateField freg TIPAUD "APR" VB #</Process><Process ToolSource="C:\Program Files (x86)\ArcGIS\Desktop10.0\ArcToolbox\Toolboxes\Data Management Tools.tbx\CalculateField" Date="20140114" Time="105946">CalculateField freg ddcc Left( [DICOFRE], 4 ) VB #</Process></lineage><itemProps><itemLocation><linkage Sync="TRUE">file://\\CLIMAHABS-PC\D$\Climhab\A_SIG\Div_adm.mdb</linkage><protocol Sync="TRUE">Local Area Network</protocol></itemLocation></itemProps></DataProperties></Esri></metadata>
